Date,Store_ID,Product_ID,Units_Sold,Revenue,City,Holiday,Month,Is_Weekend,Avg_Selling_Price
2023-08-15,S001,P0032,6,337.98632000000003,Chicago,Yes,August,No,56.33105333333334
2023-08-10,S008,P0050,4,80.22,Los Angeles,Yes,August,No,20.055
2023-04-09,S001,P0028,13,78.19,Chicago,No,April,Yes,6.014615384615384
2023-01-20,S006,P0024,31,690.48,New York,No,January,No,22.273548387096774
2023-05-09,S003,P0049,18,337.98632000000003,Chicago,No,May,No,18.77701777777778
2023-06-26,S003,P0028,4,97.62,Los Angeles,Yes,June,No,24.405
2023-02-18,S001,P0044,1,22.41,Los Angeles,No,February,Yes,22.41
2023-02-12,S003,P0032,23,401.73,Chicago,Yes,February,Yes,17.466521739130435
2023-09-26,S006,P0034,25,436.05,New York,Yes,September,No,17.442
2023-03-28,S008,P0026,44,572.79,New York,No,March,No,13.017954545454545
2023-11-03,S003,P0008,21,337.98632000000003,Phoenix,Yes,November,No,16.094586666666668
2023-08-07,S001,P0035,42,766.78,Houston,No,August,No,18.256666666666668
2023-11-21,S004,P0010,36,352.54,Los Angeles,Yes,November,No,9.79277777777778
2023-07-12,S006,P0049,30,710.95,Houston,Yes,July,No,23.698333333333334
2023-09-22,S010,P0011,3,37.32,Los Angeles,Yes,September,No,12.44
2023-08-13,S003,P0015,33,692.07,Phoenix,Yes,August,Yes,20.971818181818183
2023-01-27,S005,P0044,1,18.55,Phoenix,Yes,January,No,18.55
2023-08-24,S002,P0001,33,667.21,New York,No,August,No,20.21848484848485
2023-11-11,S004,P0026,22,461.02,Chicago,No,November,Yes,20.955454545454543
2023-10-21,S004,P0041,28,609.26,Chicago,No,October,Yes,21.759285714285713
2023-02-25,S003,P0005,4,337.98632000000003,New York,No,February,Yes,84.49658000000001
2023-05-13,S008,P0047,50,538.53,Los Angeles,Yes,May,Yes,10.7706
2023-12-27,S004,P0034,17,342.34,Chicago,Yes,December,No,20.13764705882353
2023-04-25,S005,P0021,22,313.62,New York,No,April,No,14.255454545454546
2023-11-04,S001,P0015,28,401.52,Houston,Yes,November,Yes,14.34
2023-04-16,S007,P0012,47,706.03,Houston,Yes,April,Yes,15.021914893617021
2023-02-21,S003,P0007,50,1108.11,New York,Yes,February,No,22.1622
2023-03-22,S006,P0013,32,181.17,New York,Yes,March,No,5.6615625
2023-01-30,S006,P0031,46,553.67,New York,Yes,January,No,12.036304347826086
2023-02-26,S004,P0001,6,93.61,Los Angeles,Yes,February,Yes,15.601666666666667
2023-06-03,S010,P0018,32,506.23,Houston,Yes,June,Yes,15.8196875
2023-04-24,S006,P0014,39,787.55,Houston,Yes,April,No,20.193589743589744
2023-04-19,S008,P0010,33,529.53,New York,Yes,April,No,16.046363636363637
2023-09-21,S001,P0043,18,303.62,New York,No,September,No,16.86777777777778
2023-07-10,S007,P0049,1,23.45,Los Angeles,Yes,July,No,23.45
2023-07-14,S005,P0032,24,564.04,Los Angeles,No,July,No,23.501666666666665
2023-12-20,S004,P0050,47,688.67,Los Angeles,No,December,No,14.65255319148936
2023-12-16,S002,P0031,49,385.02,Chicago,Yes,December,Yes,7.857551020408163
2023-03-03,S006,P0028,14,297.86,Phoenix,Yes,March,No,21.275714285714287
2023-09-17,S008,P0014,17,153.57,New York,Yes,September,Yes,9.033529411764706
2023-09-24,S003,P0022,4,41.93,Los Angeles,Yes,September,Yes,10.4825
2023-03-28,S009,P0014,8,125.24,Los Angeles,No,March,No,15.655
2023-08-29,S008,P0013,16,337.98632000000003,New York,No,August,No,21.124145000000002
2023-12-24,S006,P0039,15,276.83,Chicago,Yes,December,Yes,18.455333333333332
2023-03-03,S003,P0047,38,485.86,New York,No,March,No,12.785789473684211
2023-03-11,S006,P0032,13,97.34,New York,Yes,March,Yes,7.487692307692308
2023-11-21,S005,P0027,2,29.29,Phoenix,No,November,No,14.645
2023-06-20,S006,P0022,19,444.41,Chicago,No,June,No,23.39
2023-07-11,S009,P0043,28,240.37,New York,No,July,No,8.584642857142857
2023-11-03,S002,P0046,7,171.42,New York,No,November,No,24.488571428571426
2023-02-07,S007,P0013,9,143.89,Phoenix,No,February,No,15.987777777777776
2023-04-22,S004,P0007,25,337.98632000000003,Chicago,No,April,Yes,13.519452800000002
2023-06-10,S008,P0040,41,843.03,Chicago,No,June,Yes,20.56170731707317
2023-04-22,S003,P0016,3,53.1,Los Angeles,No,April,Yes,17.7
2023-04-19,S006,P0038,4,65.61,Houston,No,April,No,16.4025
2023-09-20,S009,P0031,5,105.87,Chicago,No,September,No,21.174
2023-07-22,S002,P0034,26,337.98632000000003,New York,No,July,Yes,12.999473846153847
2023-05-08,S003,P0029,43,655.69,New York,No,May,No,15.248604651162792
2023-08-10,S004,P0001,14,147.4,Phoenix,Yes,August,No,10.528571428571428
2023-07-16,S007,P0009,20,314.33,New York,Yes,July,Yes,15.7165
2023-07-18,S002,P0028,23,134.0,Phoenix,Yes,July,No,5.826086956521739
2023-01-12,S007,P0004,29,334.7,Los Angeles,Yes,January,No,11.541379310344826
2023-02-01,S005,P0014,25,567.2,Houston,No,February,No,22.688000000000002
2023-01-14,S006,P0020,20,260.11,New York,No,January,Yes,13.005500000000001
2023-01-06,S009,P0039,42,981.58,Los Angeles,Yes,January,No,23.37095238095238
2023-06-28,S004,P0021,32,564.67,Chicago,No,June,No,17.6459375
2023-11-14,S010,P0018,26,330.2,New York,No,November,No,12.7
2023-07-18,S003,P0042,18,304.2,Los Angeles,Yes,July,No,16.9
2023-02-26,S004,P0007,50,466.82,Chicago,No,February,Yes,9.3364
2023-07-12,S010,P0026,16,197.26,Phoenix,No,July,No,12.32875
2023-03-19,S007,P0026,46,663.94,Los Angeles,Yes,March,Yes,14.433478260869567
2023-02-10,S006,P0009,4,28.25,Chicago,No,February,No,7.0625
2023-12-15,S009,P0034,12,145.16,Chicago,Yes,December,No,12.096666666666666
2023-04-01,S009,P0008,35,710.03,Phoenix,No,April,Yes,20.286571428571428
2023-02-07,S009,P0036,28,561.23,Los Angeles,Yes,February,No,20.043928571428573
2023-05-21,S004,P0022,46,361.3,Chicago,Yes,May,Yes,7.854347826086957
2023-09-20,S008,P0010,35,691.56,New York,No,September,No,19.758857142857142
2023-04-04,S005,P0009,12,107.25,Houston,Yes,April,No,8.9375
2023-08-20,S002,P0049,43,612.29,Chicago,Yes,August,Yes,14.239302325581395
2023-10-08,S006,P0033,38,441.74,Houston,No,October,Yes,11.624736842105264
2023-09-04,S010,P0001,38,327.11,Houston,Yes,September,No,8.608157894736843
2023-05-31,S006,P0005,0,337.98632000000003,New York,No,May,No,inf
2023-08-27,S005,P0006,32,396.41,New York,No,August,Yes,12.3878125
2023-11-13,S007,P0009,8,66.32,Phoenix,Yes,November,No,8.29
2023-05-18,S001,P0020,41,626.65,New York,Yes,May,No,15.284146341463414
2023-03-21,S001,P0041,22,446.74,New York,Yes,March,No,20.30636363636364
2023-05-02,S002,P0037,22,260.98,Los Angeles,No,May,No,11.862727272727273
2023-08-30,S005,P0034,17,333.2,Chicago,No,August,No,19.599999999999998
2023-07-21,S007,P0004,42,558.72,Los Angeles,No,July,No,13.302857142857144
2023-06-08,S010,P0005,33,771.35,New York,No,June,No,23.374242424242425
2023-09-04,S006,P0043,35,344.16,New York,No,September,No,9.833142857142859
2023-11-16,S001,P0045,5,57.48,Phoenix,Yes,November,No,11.495999999999999
2023-05-24,S001,P0034,5,63.86,Phoenix,No,May,No,12.772
2023-10-19,S001,P0032,44,887.26,Chicago,No,October,No,20.165
2023-09-28,S003,P0035,48,637.81,Los Angeles,No,September,No,13.287708333333333
2023-08-18,S010,P0027,35,198.12,New York,Yes,August,No,5.660571428571429
2023-08-07,S001,P0039,50,515.95,Houston,No,August,No,10.319
2023-08-06,S009,P0005,12,288.91,Chicago,No,August,Yes,24.075833333333335
2023-12-22,S008,P0044,16,107.88,New York,No,December,No,6.7425
2023-12-15,S002,P0001,20,259.92,New York,No,December,No,12.996
2023-06-20,S004,P0016,3,34.97,Phoenix,No,June,No,11.656666666666666
2023-02-04,S008,P0037,7,94.34,Phoenix,Yes,February,Yes,13.477142857142857
2023-04-23,S005,P0040,50,1019.19,Phoenix,Yes,April,Yes,20.3838
2023-03-27,S002,P0042,22,219.55,Chicago,Yes,March,No,9.979545454545455
2023-06-03,S008,P0043,46,470.48,Phoenix,No,June,Yes,10.227826086956522
2023-11-16,S010,P0047,37,727.34,Chicago,Yes,November,No,19.65783783783784
2023-03-06,S008,P0011,41,604.18,Los Angeles,No,March,No,14.736097560975608
2023-05-10,S004,P0027,8,199.71,Los Angeles,Yes,May,No,24.96375
2023-10-25,S009,P0045,27,256.75,New York,No,October,No,9.50925925925926
2023-01-03,S005,P0032,32,778.82,Los Angeles,Yes,January,No,24.338125
2023-03-25,S007,P0034,43,671.96,Los Angeles,Yes,March,Yes,15.626976744186047
2023-12-27,S008,P0019,7,68.85,Phoenix,Yes,December,No,9.835714285714285
2023-11-23,S004,P0019,5,70.39,Los Angeles,No,November,No,14.078
2023-07-08,S001,P0021,28,472.69,New York,No,July,Yes,16.881785714285716
2023-07-26,S001,P0047,24,520.61,Houston,No,July,No,21.692083333333333
2023-09-21,S007,P0044,48,1178.53,Houston,Yes,September,No,24.55270833333333
2023-03-26,S008,P0042,29,272.06,Los Angeles,No,March,Yes,9.381379310344828
2023-10-01,S007,P0033,16,87.77,Los Angeles,No,October,Yes,5.485625
2023-10-14,S001,P0027,15,185.86,Houston,No,October,Yes,12.390666666666668
2023-07-20,S006,P0007,0,337.98632000000003,New York,No,July,No,inf
2023-04-21,S003,P0030,5,40.6,Houston,Yes,April,No,8.120000000000001
2023-05-13,S002,P0015,32,796.14,New York,No,May,Yes,24.879375
2023-05-21,S008,P0010,8,73.15,New York,Yes,May,Yes,9.14375
2023-12-05,S009,P0038,3,34.53,Chicago,Yes,December,No,11.51
2023-08-02,S003,P0039,49,257.57,Los Angeles,Yes,August,No,5.256530612244898
2023-11-28,S007,P0022,46,962.29,Phoenix,Yes,November,No,20.919347826086955
2023-12-26,S004,P0026,16,164.33,Chicago,No,December,No,10.270625
2023-07-22,S008,P0032,33,655.44,New York,No,July,Yes,19.861818181818183
2023-04-12,S008,P0033,9,185.8,New York,Yes,April,No,20.644444444444446
2023-06-11,S004,P0021,30,263.88,Chicago,No,June,Yes,8.796
2023-01-20,S009,P0006,4,52.54,Houston,Yes,January,No,13.135
2023-08-07,S010,P0017,26,562.04,New York,No,August,No,21.616923076923076
2023-05-13,S002,P0030,18,233.03,Los Angeles,No,May,Yes,12.946111111111112
2023-04-30,S006,P0037,13,199.29,Chicago,Yes,April,Yes,15.33
2023-10-28,S009,P0031,3,27.03,Houston,Yes,October,Yes,9.01
2023-06-09,S002,P0001,19,335.54,Chicago,Yes,June,No,17.66
2023-06-17,S007,P0013,41,1008.4,New York,No,June,Yes,24.59512195121951
2023-07-23,S002,P0048,18,317.46,New York,No,July,Yes,17.636666666666667
2023-01-13,S007,P0032,48,1184.27,Los Angeles,Yes,January,No,24.672291666666666
2023-05-03,S004,P0045,33,463.81,New York,No,May,No,14.054848484848485
2023-08-04,S008,P0037,29,445.74,New York,Yes,August,No,15.370344827586207
2023-12-26,S006,P0029,11,245.26,Chicago,Yes,December,No,22.296363636363637
2023-01-23,S006,P0027,47,1128.25,Houston,No,January,No,24.00531914893617
2023-10-29,S001,P0039,18,344.45,Chicago,Yes,October,Yes,19.13611111111111
2023-05-14,S009,P0003,45,892.33,Phoenix,Yes,May,Yes,19.829555555555558
2023-04-15,S002,P0038,34,764.46,New York,No,April,Yes,22.484117647058824
2023-07-03,S009,P0009,2,16.4,New York,Yes,July,No,8.2
2023-10-23,S005,P0018,20,123.13,Phoenix,No,October,No,6.156499999999999
2023-04-28,S006,P0019,45,420.24,Chicago,Yes,April,No,9.338666666666667
2023-01-10,S007,P0009,47,618.29,Chicago,No,January,No,13.155106382978722
2023-02-10,S008,P0022,12,268.4,Houston,Yes,February,No,22.366666666666664
2023-10-17,S005,P0035,33,751.68,New York,Yes,October,No,22.778181818181817
2023-03-30,S010,P0006,45,682.9,Phoenix,Yes,March,No,15.175555555555555
2023-02-16,S006,P0037,11,221.92,Houston,No,February,No,20.174545454545452
2023-05-22,S002,P0034,9,148.7,Chicago,Yes,May,No,16.522222222222222
2023-06-17,S003,P0024,18,441.84,Houston,No,June,Yes,24.546666666666667
2023-02-02,S009,P0041,43,701.97,Chicago,Yes,February,No,16.324883720930234
2023-07-22,S009,P0031,32,321.26,Chicago,Yes,July,Yes,10.039375
2023-03-28,S003,P0017,5,44.3,Los Angeles,No,March,No,8.86
2023-09-12,S007,P0028,3,47.45,Los Angeles,Yes,September,No,15.816666666666668
2023-06-16,S010,P0019,16,272.64,Phoenix,Yes,June,No,17.04
2023-04-29,S007,P0012,7,153.76,Los Angeles,No,April,Yes,21.965714285714284
2023-12-02,S010,P0026,47,857.38,New York,Yes,December,Yes,18.242127659574468
2023-02-13,S002,P0019,38,805.76,Chicago,Yes,February,No,21.20421052631579
2023-07-16,S005,P0001,48,752.45,Houston,No,July,Yes,15.676041666666668
2023-06-11,S003,P0023,22,224.63,Chicago,Yes,June,Yes,10.210454545454546
2023-01-19,S001,P0044,40,802.43,Los Angeles,Yes,January,No,20.06075
2023-01-03,S001,P0043,16,196.38,Los Angeles,Yes,January,No,12.27375
2023-07-10,S005,P0039,37,842.51,Phoenix,Yes,July,No,22.77054054054054
2023-12-19,S007,P0044,36,856.33,Los Angeles,Yes,December,No,23.786944444444444
2023-01-29,S001,P0025,26,212.59,Chicago,Yes,January,Yes,8.176538461538462
2023-02-14,S007,P0007,44,337.98632000000003,Los Angeles,No,February,No,7.6815072727272735
2023-01-27,S007,P0037,4,85.45,Los Angeles,Yes,January,No,21.3625
2023-07-04,S005,P0003,17,354.16,New York,Yes,July,No,20.83294117647059
2023-10-29,S006,P0038,43,560.55,Los Angeles,Yes,October,Yes,13.036046511627905
2023-08-14,S009,P0045,25,371.87,Los Angeles,No,August,No,14.8748
2023-10-03,S005,P0015,18,363.47,New York,No,October,No,20.192777777777778
2023-03-27,S001,P0018,14,232.25,Chicago,Yes,March,No,16.589285714285715
2023-04-12,S010,P0018,21,451.21,New York,Yes,April,No,21.486190476190476
2023-12-25,S004,P0034,21,115.98,Los Angeles,Yes,December,No,5.522857142857143
2023-12-04,S009,P0029,48,905.29,Phoenix,Yes,December,No,18.860208333333333
2023-10-28,S007,P0038,4,51.99,Chicago,No,October,Yes,12.9975
2023-05-07,S002,P0033,17,191.01,New York,Yes,May,Yes,11.235882352941175
2023-12-31,S001,P0016,30,337.98632000000003,Houston,Yes,December,Yes,11.266210666666668
2023-05-13,S005,P0031,4,35.53,Phoenix,No,May,Yes,8.8825
2023-08-20,S009,P0001,14,293.88,Los Angeles,No,August,Yes,20.99142857142857
2023-03-15,S009,P0046,3,56.75,New York,No,March,No,18.916666666666668
2023-05-07,S008,P0040,48,1116.62,Phoenix,Yes,May,Yes,23.262916666666666
2023-04-29,S010,P0017,16,183.16,Chicago,No,April,Yes,11.4475
2023-05-17,S007,P0042,1,19.28,Phoenix,No,May,No,19.28
2023-02-20,S009,P0034,30,506.46,Los Angeles,Yes,February,No,16.881999999999998
2023-07-25,S010,P0026,4,82.54,Houston,Yes,July,No,20.635
2023-03-18,S009,P0033,39,545.35,New York,No,March,Yes,13.983333333333334
2023-09-17,S002,P0005,12,221.11,New York,Yes,September,Yes,18.425833333333333
2023-02-20,S004,P0007,5,75.02,Chicago,No,February,No,15.004
2023-05-29,S006,P0015,9,122.22,Houston,No,May,No,13.58
2023-03-04,S002,P0045,47,1006.88,New York,No,March,Yes,21.422978723404256
2023-08-28,S003,P0034,2,19.7,Los Angeles,Yes,August,No,9.85
2023-11-13,S010,P0042,46,606.13,New York,No,November,No,13.176739130434783
2023-10-31,S002,P0004,26,302.74,New York,Yes,October,No,11.643846153846154
2023-07-18,S010,P0048,14,177.81,Houston,No,July,No,12.700714285714286
2023-07-20,S002,P0025,47,1159.98,Los Angeles,Yes,July,No,24.680425531914896
2023-10-29,S005,P0015,9,174.77,Phoenix,Yes,October,Yes,19.41888888888889
2023-05-02,S006,P0040,38,567.31,New York,Yes,May,No,14.929210526315789
2023-01-21,S003,P0007,12,273.76,New York,Yes,January,Yes,22.813333333333333
2023-07-30,S010,P0021,10,74.72,Chicago,Yes,July,Yes,7.4719999999999995
2023-06-06,S002,P0010,43,781.5,New York,Yes,June,No,18.174418604651162
2023-12-07,S003,P0042,33,275.75,Los Angeles,No,December,No,8.356060606060606
2023-06-05,S006,P0004,11,137.36,New York,No,June,No,12.487272727272728
2023-03-02,S004,P0033,34,554.36,Los Angeles,No,March,No,16.30470588235294
2023-05-05,S007,P0025,47,666.62,Los Angeles,Yes,May,No,14.183404255319148
2023-08-28,S003,P0029,13,312.6,Chicago,No,August,No,24.04615384615385
2023-08-22,S003,P0016,45,516.75,Los Angeles,Yes,August,No,11.483333333333333
2023-04-02,S002,P0009,33,433.78,Houston,No,April,Yes,13.144848484848485
2023-10-07,S009,P0006,26,247.83,Phoenix,No,October,Yes,9.531923076923077
2023-04-09,S008,P0039,9,70.77,Phoenix,No,April,Yes,7.863333333333333
2023-02-02,S009,P0032,5,62.94,Houston,No,February,No,12.588
2023-08-10,S002,P0045,45,1019.19,Chicago,Yes,August,No,22.648666666666667
2023-04-11,S008,P0039,47,465.37,Phoenix,No,April,No,9.901489361702128
2023-12-30,S005,P0021,10,241.63,Houston,No,December,Yes,24.163
2023-07-06,S010,P0016,8,77.08,Los Angeles,Yes,July,No,9.635
2023-09-26,S008,P0022,42,695.47,Phoenix,Yes,September,No,16.558809523809526
2023-11-27,S007,P0023,35,256.17,Los Angeles,No,November,No,7.319142857142857
2023-04-22,S006,P0014,10,164.34,Houston,Yes,April,Yes,16.434
2023-06-14,S006,P0045,48,302.23,Chicago,Yes,June,No,6.296458333333334
2023-01-15,S009,P0038,37,266.66,Phoenix,Yes,January,Yes,7.207027027027028
2023-06-24,S008,P0014,28,677.66,New York,No,June,Yes,24.202142857142857
2023-11-15,S005,P0016,8,138.98,New York,No,November,No,17.3725
2023-09-24,S009,P0021,43,699.36,Houston,No,September,Yes,16.26418604651163
2023-05-17,S009,P0021,45,739.01,Los Angeles,Yes,May,No,16.422444444444444
2023-12-12,S004,P0047,14,211.72,Chicago,Yes,December,No,15.122857142857143
2023-05-16,S006,P0034,3,40.52,New York,Yes,May,No,13.506666666666668
2023-07-22,S005,P0011,37,271.87,Los Angeles,Yes,July,Yes,7.347837837837838
2023-05-22,S001,P0008,46,518.44,New York,Yes,May,No,11.270434782608698
2023-04-03,S004,P0035,45,334.26,Phoenix,Yes,April,No,7.428
2023-09-12,S009,P0019,2,48.29,Los Angeles,No,September,No,24.145
2023-06-12,S008,P0005,36,726.44,Chicago,No,June,No,20.178888888888892
2023-04-19,S007,P0036,13,186.59,Chicago,No,April,No,14.353076923076923
2023-04-30,S001,P0045,24,419.83,Houston,Yes,April,Yes,17.492916666666666
2023-02-15,S009,P0027,7,160.76,Los Angeles,No,February,No,22.965714285714284
2023-12-17,S005,P0017,2,15.66,Houston,Yes,December,Yes,7.83
2023-09-19,S008,P0045,26,426.85,Los Angeles,No,September,No,16.417307692307695
2023-06-16,S006,P0019,2,29.61,Los Angeles,No,June,No,14.805
2023-09-14,S005,P0027,30,431.4,New York,No,September,No,14.379999999999999
2023-10-20,S002,P0025,5,38.37,New York,No,October,No,7.6739999999999995
2023-10-05,S003,P0010,42,565.62,Los Angeles,No,October,No,13.467142857142857
2023-07-01,S008,P0045,14,306.44,Chicago,Yes,July,Yes,21.888571428571428
2023-07-16,S010,P0032,9,60.62,Houston,Yes,July,Yes,6.735555555555555
2023-06-07,S004,P0019,0,337.98632000000003,Phoenix,Yes,June,No,inf
2023-07-03,S010,P0040,6,77.3,Houston,No,July,No,12.883333333333333
2023-08-03,S001,P0023,32,304.89,Chicago,Yes,August,No,9.5278125
2023-05-17,S003,P0037,43,444.83,Phoenix,Yes,May,No,10.344883720930232
2023-11-26,S006,P0036,35,656.12,Los Angeles,No,November,Yes,18.746285714285715
2023-06-26,S004,P0038,15,167.24,Chicago,No,June,No,11.149333333333335
2023-02-03,S005,P0031,2,48.87,Phoenix,Yes,February,No,24.435
2023-12-26,S007,P0030,30,337.98632000000003,Chicago,Yes,December,No,11.266210666666668
2023-04-27,S010,P0036,40,270.44,Phoenix,Yes,April,No,6.761
2023-12-13,S004,P0049,36,737.22,Houston,No,December,No,20.478333333333335
2023-10-23,S009,P0030,49,964.9,Houston,No,October,No,19.691836734693876
2023-05-09,S006,P0040,5,48.62,Houston,Yes,May,No,9.724
2023-05-18,S010,P0020,22,141.47,Los Angeles,Yes,May,No,6.430454545454546
2023-05-22,S008,P0021,45,1005.73,Phoenix,Yes,May,No,22.349555555555558
2023-11-06,S006,P0020,25,422.57,New York,No,November,No,16.9028
2023-05-21,S009,P0022,21,162.27,Los Angeles,No,May,Yes,7.727142857142858
2023-01-30,S009,P0032,32,740.71,Chicago,Yes,January,No,23.1471875
2023-04-24,S004,P0004,27,636.13,Chicago,No,April,No,23.56037037037037
2023-02-26,S008,P0030,4,90.26,New York,Yes,February,Yes,22.565
2023-08-04,S006,P0043,47,728.85,New York,Yes,August,No,15.50744680851064
2023-09-19,S009,P0035,29,408.23,Los Angeles,No,September,No,14.076896551724138
2023-09-14,S008,P0018,23,323.93,Chicago,Yes,September,No,14.083913043478262
2023-03-18,S010,P0001,1,23.54,Houston,No,March,Yes,23.54
2023-05-17,S004,P0020,8,44.35,Chicago,No,May,No,5.54375
2023-05-16,S002,P0018,14,95.12,Phoenix,Yes,May,No,6.7942857142857145
2023-05-09,S006,P0033,18,278.49,Phoenix,No,May,No,15.471666666666668
2023-07-03,S004,P0018,11,193.76,Houston,Yes,July,No,17.614545454545453
2023-07-19,S002,P0050,40,378.67,New York,No,July,No,9.466750000000001
2023-06-23,S005,P0018,41,908.52,Houston,No,June,No,22.159024390243903
2023-11-04,S006,P0028,7,76.95,New York,No,November,Yes,10.992857142857144
2023-02-17,S008,P0034,18,363.96,New York,Yes,February,No,20.22
2023-11-06,S001,P0036,26,503.32,Chicago,No,November,No,19.358461538461537
2023-02-02,S009,P0004,18,169.36,Houston,Yes,February,No,9.408888888888889
2023-03-23,S002,P0020,26,638.13,Phoenix,Yes,March,No,24.54346153846154
2023-10-22,S004,P0026,3,38.69,Houston,Yes,October,Yes,12.896666666666667
2023-05-11,S006,P0008,41,259.01,Chicago,No,May,No,6.317317073170732
2023-10-12,S005,P0030,49,856.4,Chicago,Yes,October,No,17.477551020408164
2023-01-11,S007,P0050,18,138.87,Chicago,No,January,No,7.715
2023-10-26,S007,P0009,13,111.7,Houston,Yes,October,No,8.592307692307692
2023-04-19,S009,P0020,21,132.1,Los Angeles,No,April,No,6.29047619047619
2023-05-28,S001,P0044,12,295.67,Chicago,No,May,Yes,24.639166666666668
2023-12-18,S004,P0020,19,235.65,Chicago,Yes,December,No,12.40263157894737
2023-09-04,S007,P0010,25,531.98,Phoenix,Yes,September,No,21.2792
2023-09-04,S010,P0005,14,256.56,New York,No,September,No,18.325714285714287
2023-11-20,S003,P0003,37,317.08,Los Angeles,No,November,No,8.56972972972973
2023-07-31,S008,P0015,26,337.98632000000003,New York,No,July,No,12.999473846153847
2023-12-31,S001,P0045,25,472.09,Chicago,No,December,Yes,18.883599999999998
2023-07-09,S004,P0001,37,833.96,New York,Yes,July,Yes,22.53945945945946
2023-01-11,S008,P0040,8,67.82,Houston,No,January,No,8.4775
2023-03-21,S006,P0007,0,337.98632000000003,New York,Yes,March,No,inf
2023-03-08,S002,P0019,2,35.38,Houston,Yes,March,No,17.69
2023-03-03,S010,P0036,3,36.19,Houston,No,March,No,12.063333333333333
2023-01-28,S003,P0050,4,60.72,Los Angeles,No,January,Yes,15.18
2023-07-27,S004,P0030,37,402.05,Phoenix,No,July,No,10.866216216216216
2023-06-20,S002,P0045,46,1043.25,Phoenix,Yes,June,No,22.679347826086957
2023-03-16,S004,P0025,31,353.94,Chicago,Yes,March,No,11.41741935483871
2023-09-30,S005,P0045,27,615.49,Los Angeles,Yes,September,Yes,22.795925925925925
2023-01-24,S006,P0015,3,45.58,New York,No,January,No,15.193333333333333
2023-11-30,S007,P0021,25,463.75,Los Angeles,No,November,No,18.55
2023-10-20,S002,P0004,18,201.18,Chicago,No,October,No,11.176666666666668
2023-05-10,S008,P0013,9,197.75,New York,No,May,No,21.97222222222222
2023-05-03,S004,P0001,34,430.1,Los Angeles,Yes,May,No,12.65
2023-08-28,S005,P0035,2,29.0,New York,No,August,No,14.5
2023-11-07,S009,P0044,29,469.34,New York,Yes,November,No,16.18413793103448
2023-08-11,S008,P0024,33,250.49,Houston,No,August,No,7.590606060606061
2023-11-10,S001,P0047,29,504.26,Houston,No,November,No,17.388275862068966
2023-10-31,S003,P0050,25,597.87,New York,Yes,October,No,23.9148
2023-06-27,S005,P0024,2,24.83,Los Angeles,Yes,June,No,12.415
2023-05-14,S003,P0040,47,442.67,Houston,No,May,Yes,9.418510638297873
2023-03-01,S009,P0015,33,715.54,Los Angeles,Yes,March,No,21.683030303030304
2023-01-14,S004,P0029,26,607.61,Chicago,No,January,Yes,23.369615384615386
2023-07-16,S005,P0015,35,472.18,New York,Yes,July,Yes,13.490857142857143
2023-08-04,S007,P0017,11,218.19,New York,No,August,No,19.835454545454546
2023-03-03,S005,P0028,35,593.38,Houston,No,March,No,16.953714285714284
2023-09-23,S005,P0007,23,447.64,Phoenix,No,September,Yes,19.46260869565217
2023-05-05,S006,P0048,15,235.13,Houston,No,May,No,15.675333333333333
2023-01-08,S006,P0023,26,147.97,Los Angeles,No,January,Yes,5.6911538461538465
2023-03-13,S001,P0024,30,452.63,Houston,Yes,March,No,15.087666666666667
2023-04-30,S006,P0002,20,437.61,New York,No,April,Yes,21.8805
2023-10-05,S008,P0024,47,484.83,Houston,Yes,October,No,10.315531914893617
2023-08-09,S007,P0039,15,86.6,Los Angeles,Yes,August,No,5.7733333333333325
2023-10-16,S010,P0020,32,437.23,New York,Yes,October,No,13.6634375
2023-08-26,S004,P0030,32,757.31,Los Angeles,Yes,August,Yes,23.6659375
2023-09-09,S010,P0004,35,289.79,Phoenix,Yes,September,Yes,8.279714285714286
2023-08-08,S009,P0009,7,47.36,Chicago,Yes,August,No,6.765714285714286
2023-11-22,S001,P0049,5,94.25,Houston,Yes,November,No,18.85
2023-03-28,S010,P0041,4,80.13,Chicago,No,March,No,20.0325
2023-05-12,S007,P0031,5,60.68,New York,No,May,No,12.136
2023-07-17,S009,P0036,22,478.83,Houston,Yes,July,No,21.765
2023-06-09,S004,P0029,45,767.13,Houston,No,June,No,17.047333333333334
2023-03-02,S005,P0011,34,750.04,New York,Yes,March,No,22.06
2023-05-05,S004,P0044,27,371.67,Chicago,No,May,No,13.765555555555556
2023-09-16,S008,P0011,46,928.53,Chicago,Yes,September,Yes,20.185434782608695
2023-11-18,S003,P0017,24,428.5,New York,Yes,November,Yes,17.854166666666668
2023-10-15,S004,P0028,38,882.12,Chicago,No,October,Yes,23.213684210526317
2023-01-25,S010,P0033,45,935.64,Houston,No,January,No,20.791999999999998
2023-03-26,S001,P0008,30,285.5,New York,No,March,Yes,9.516666666666667
2023-11-07,S009,P0011,37,337.98632000000003,New York,No,November,No,9.134765405405407
2023-12-07,S004,P0004,8,175.23,New York,Yes,December,No,21.90375
2023-02-07,S006,P0040,44,754.27,Los Angeles,Yes,February,No,17.1425
2023-01-08,S009,P0046,0,337.98632000000003,Los Angeles,No,January,Yes,inf
2023-01-04,S008,P0046,50,394.98,New York,No,January,No,7.8996
2023-04-17,S001,P0025,49,1148.4,Phoenix,No,April,No,23.436734693877554
2023-11-03,S005,P0045,48,680.39,Phoenix,Yes,November,No,14.174791666666666
2023-01-28,S010,P0048,9,206.22,Los Angeles,No,January,Yes,22.913333333333334
2023-10-20,S009,P0013,47,811.81,Los Angeles,Yes,October,No,17.27255319148936
2023-06-26,S003,P0027,33,482.29,Los Angeles,Yes,June,No,14.614848484848485
2023-06-06,S003,P0011,19,411.75,Los Angeles,No,June,No,21.67105263157895
2023-08-11,S001,P0042,2,38.93,Chicago,Yes,August,No,19.465
2023-02-14,S002,P0045,32,443.19,New York,No,February,No,13.8496875
2023-04-19,S006,P0018,33,455.44,Phoenix,Yes,April,No,13.80121212121212
2023-05-04,S009,P0034,42,598.46,Phoenix,No,May,No,14.24904761904762
2023-07-29,S010,P0018,40,342.51,Los Angeles,Yes,July,Yes,8.56275
2023-04-16,S001,P0050,25,229.66,Phoenix,Yes,April,Yes,9.186399999999999
2023-06-21,S009,P0011,41,727.25,Los Angeles,No,June,No,17.73780487804878
2023-11-12,S001,P0007,48,662.71,Chicago,Yes,November,Yes,13.806458333333333
2023-12-01,S006,P0005,5,97.93,New York,No,December,No,19.586000000000002
2023-10-24,S004,P0044,1,15.22,Chicago,No,October,No,15.22
2023-06-25,S004,P0014,6,71.37,Los Angeles,Yes,June,Yes,11.895000000000001
2023-06-02,S001,P0034,5,74.79,Houston,Yes,June,No,14.958000000000002
2023-06-11,S004,P0031,28,526.68,Chicago,No,June,Yes,18.81
2023-05-31,S008,P0027,6,142.56,Los Angeles,No,May,No,23.76
2023-08-08,S009,P0040,11,143.75,Los Angeles,Yes,August,No,13.068181818181818
2023-04-01,S004,P0028,42,957.16,New York,No,April,Yes,22.789523809523807
2023-08-04,S002,P0047,10,64.68,Los Angeles,Yes,August,No,6.468000000000001
2023-12-24,S003,P0021,11,223.82,New York,No,December,Yes,20.347272727272728
2023-05-13,S001,P0023,9,55.59,Chicago,Yes,May,Yes,6.176666666666667
2023-05-23,S004,P0034,16,374.14,Houston,No,May,No,23.38375
2023-07-19,S008,P0031,22,240.0,New York,No,July,No,10.909090909090908
2023-03-08,S008,P0017,36,695.29,Phoenix,No,March,No,19.31361111111111
2023-02-28,S002,P0041,37,810.14,New York,No,February,No,21.895675675675676
2023-03-07,S010,P0025,18,271.0,Houston,No,March,No,15.055555555555555
2023-11-22,S010,P0040,33,627.57,Chicago,No,November,No,19.01727272727273
2023-03-06,S006,P0020,32,471.49,Chicago,Yes,March,No,14.7340625
2023-01-09,S009,P0039,4,96.0,Chicago,No,January,No,24.0
2023-12-08,S004,P0001,50,697.94,Los Angeles,Yes,December,No,13.958800000000002
2023-04-23,S005,P0049,9,134.29,Houston,Yes,April,Yes,14.92111111111111
2023-05-29,S010,P0036,7,39.16,Houston,No,May,No,5.594285714285713
2023-07-11,S006,P0014,50,1204.9,New York,No,July,No,24.098000000000003
2023-12-18,S002,P0013,44,950.4,Chicago,Yes,December,No,21.599999999999998
2023-04-26,S004,P0018,37,337.98632000000003,Chicago,Yes,April,No,9.134765405405407
2023-10-16,S010,P0048,39,461.48,Houston,No,October,No,11.832820512820513
2023-01-21,S006,P0033,13,70.24,New York,No,January,Yes,5.403076923076923
2023-12-01,S005,P0010,13,93.41,Phoenix,Yes,December,No,7.185384615384615
2023-06-21,S008,P0009,3,52.79,Los Angeles,Yes,June,No,17.596666666666668
2023-05-25,S006,P0028,8,47.56,Chicago,Yes,May,No,5.945
2023-12-27,S002,P0008,2,42.19,Los Angeles,No,December,No,21.095
2023-12-28,S010,P0039,5,66.7,Los Angeles,No,December,No,13.34
2023-05-10,S009,P0001,23,337.98632000000003,Los Angeles,Yes,May,No,14.69505739130435
2023-12-14,S003,P0043,18,249.55,Chicago,Yes,December,No,13.863888888888889
2023-01-03,S003,P0027,13,257.87,Los Angeles,No,January,No,19.836153846153845
2023-11-16,S003,P0050,42,272.03,Phoenix,Yes,November,No,6.476904761904761
2023-06-27,S010,P0040,42,542.92,Houston,No,June,No,12.926666666666666
2023-11-28,S009,P0012,47,1048.29,Phoenix,No,November,No,22.30404255319149
2023-07-27,S005,P0035,9,104.62,Phoenix,Yes,July,No,11.624444444444444
2023-10-07,S009,P0007,47,481.58,Houston,Yes,October,Yes,10.246382978723403
2023-03-10,S002,P0016,22,150.8,Chicago,No,March,No,6.854545454545455
2023-02-09,S003,P0015,16,247.64,Chicago,No,February,No,15.4775
2023-09-08,S004,P0024,23,372.89,Chicago,Yes,September,No,16.21260869565217
2023-07-25,S003,P0005,9,139.72,Phoenix,No,July,No,15.524444444444445
2023-09-29,S004,P0038,24,337.98632000000003,Phoenix,Yes,September,No,14.082763333333334
2023-11-07,S008,P0030,14,283.61,Los Angeles,No,November,No,20.257857142857144
2023-09-18,S004,P0018,0,337.98632000000003,Phoenix,Yes,September,No,inf
2023-02-05,S006,P0035,37,206.52,Phoenix,No,February,Yes,5.581621621621622
2023-05-12,S006,P0018,0,337.98632000000003,New York,Yes,May,No,inf
2023-06-09,S010,P0027,28,569.77,Houston,No,June,No,20.34892857142857
2023-02-13,S010,P0047,14,71.99,Houston,No,February,No,5.142142857142857
2023-10-21,S009,P0024,22,309.42,Chicago,No,October,Yes,14.064545454545454
2023-08-05,S008,P0036,14,326.44,New York,No,August,Yes,23.31714285714286
2023-01-21,S008,P0005,15,93.57,New York,No,January,Yes,6.2379999999999995
2023-06-27,S009,P0029,34,589.54,Phoenix,Yes,June,No,17.339411764705883
2023-10-20,S009,P0032,30,281.72,Houston,Yes,October,No,9.390666666666668
2023-03-14,S003,P0003,17,405.96,Phoenix,Yes,March,No,23.88
2023-09-21,S005,P0021,4,88.59,Phoenix,No,September,No,22.1475
2023-08-03,S005,P0039,18,95.93,Houston,Yes,August,No,5.329444444444444
2023-01-22,S003,P0038,17,381.99,New York,Yes,January,Yes,22.47
2023-04-07,S003,P0030,48,736.39,New York,No,April,No,15.341458333333334
2023-01-05,S007,P0004,44,438.42,New York,Yes,January,No,9.96409090909091
2023-06-20,S008,P0010,42,489.13,New York,No,June,No,11.64595238095238
2023-03-11,S008,P0036,47,807.9,Los Angeles,No,March,Yes,17.18936170212766
2023-08-19,S010,P0038,37,448.38,New York,No,August,Yes,12.118378378378377
2023-02-05,S006,P0050,2,45.96,Houston,No,February,Yes,22.98
2023-10-10,S005,P0032,4,34.92,Chicago,Yes,October,No,8.73
2023-08-27,S004,P0047,45,491.18,Chicago,No,August,Yes,10.915111111111111
2023-10-15,S005,P0011,13,242.8,Los Angeles,Yes,October,Yes,18.676923076923078
2023-08-12,S008,P0023,30,452.62,New York,No,August,Yes,15.087333333333333
2023-01-26,S008,P0022,7,104.18,Houston,No,January,No,14.882857142857144
2023-05-09,S003,P0030,22,457.28,New York,No,May,No,20.785454545454545
2023-05-01,S007,P0028,49,862.75,New York,No,May,No,17.607142857142858
2023-09-17,S009,P0049,20,311.68,Los Angeles,No,September,Yes,15.584
2023-11-18,S005,P0030,4,72.55,Phoenix,No,November,Yes,18.1375
2023-07-17,S007,P0002,38,927.37,New York,No,July,No,24.404473684210526
2023-06-30,S009,P0043,9,202.72,Los Angeles,No,June,No,22.524444444444445
2023-09-03,S005,P0038,3,66.02,Chicago,No,September,Yes,22.006666666666664
2023-05-09,S010,P0012,2,337.98632000000003,Los Angeles,No,May,No,168.99316000000002
2023-04-08,S006,P0007,7,128.38,Los Angeles,Yes,April,Yes,18.34
2023-04-26,S007,P0012,15,133.77,Phoenix,No,April,No,8.918000000000001
2023-02-07,S001,P0040,3,53.07,Chicago,Yes,February,No,17.69
2023-10-26,S008,P0013,37,815.45,New York,Yes,October,No,22.03918918918919
2023-06-01,S007,P0027,16,336.54,Los Angeles,Yes,June,No,21.03375
2023-12-11,S009,P0012,11,94.75,Phoenix,No,December,No,8.613636363636363
2023-10-26,S001,P0022,8,189.46,Chicago,Yes,October,No,23.6825
2023-12-04,S001,P0003,13,190.31,Chicago,Yes,December,No,14.63923076923077
2023-03-02,S009,P0028,3,65.56,Los Angeles,No,March,No,21.853333333333335
2023-02-08,S006,P0010,35,353.32,Phoenix,Yes,February,No,10.094857142857142
2023-11-25,S006,P0029,45,968.29,Los Angeles,No,November,Yes,21.517555555555553
2023-11-28,S005,P0040,6,134.76,Phoenix,No,November,No,22.459999999999997
2023-05-16,S009,P0009,25,610.67,Los Angeles,No,May,No,24.4268
2023-06-13,S004,P0011,2,46.2,Los Angeles,No,June,No,23.1
2023-09-27,S010,P0035,18,323.4,New York,Yes,September,No,17.966666666666665
2023-11-11,S006,P0008,30,659.3,New York,No,November,Yes,21.976666666666667
2023-05-20,S001,P0042,5,83.49,Los Angeles,No,May,Yes,16.698
2023-07-30,S008,P0031,26,350.23,Houston,No,July,Yes,13.470384615384615
2023-03-14,S007,P0039,21,392.94,Los Angeles,No,March,No,18.71142857142857
2023-01-28,S001,P0015,19,246.04,Chicago,No,January,Yes,12.949473684210526
2023-03-06,S007,P0011,9,67.65,Chicago,Yes,March,No,7.5166666666666675
2023-10-10,S010,P0049,11,100.71,Houston,Yes,October,No,9.155454545454544
2023-07-22,S003,P0047,42,235.01,New York,No,July,Yes,5.59547619047619
2023-08-29,S003,P0001,22,179.52,Los Angeles,No,August,No,8.16
2023-07-16,S003,P0036,45,612.46,Los Angeles,No,July,Yes,13.610222222222223
2023-08-04,S008,P0045,2,26.9,Chicago,No,August,No,13.45
2023-07-03,S009,P0016,37,852.53,Los Angeles,Yes,July,No,23.041351351351352
2023-09-07,S009,P0041,50,1228.08,Los Angeles,Yes,September,No,24.5616
2023-02-15,S001,P0014,16,203.0,Los Angeles,Yes,February,No,12.6875
2023-09-23,S008,P0040,4,24.13,Houston,Yes,September,Yes,6.0325
2023-06-17,S001,P0039,17,337.98632000000003,Phoenix,No,June,Yes,19.88154823529412
2023-12-09,S006,P0039,10,200.99,New York,No,December,Yes,20.099
2023-02-26,S009,P0038,45,531.31,New York,No,February,Yes,11.806888888888889
2023-07-08,S009,P0044,26,174.5,Phoenix,No,July,Yes,6.711538461538462
2023-12-01,S009,P0014,29,364.43,Los Angeles,No,December,No,12.56655172413793
2023-11-04,S004,P0031,47,867.12,Chicago,No,November,Yes,18.44936170212766
2023-12-12,S001,P0028,11,187.69,New York,Yes,December,No,17.062727272727273
2023-06-02,S003,P0017,47,524.31,Los Angeles,No,June,No,11.155531914893617
2023-08-07,S002,P0050,2,47.38,Los Angeles,No,August,No,23.69
2023-08-21,S004,P0009,37,518.45,Chicago,No,August,No,14.012162162162163
2023-12-04,S007,P0040,5,53.29,Houston,No,December,No,10.658
2023-02-21,S005,P0022,11,106.12,New York,No,February,No,9.647272727272728
2023-06-25,S007,P0033,30,561.6,Phoenix,No,June,Yes,18.720000000000002
2023-07-07,S008,P0022,7,125.9,Houston,Yes,July,No,17.985714285714288
2023-02-07,S002,P0002,36,586.31,Houston,Yes,February,No,16.286388888888887
2023-08-10,S003,P0043,0,337.98632000000003,New York,No,August,No,inf
2023-06-28,S006,P0019,1,337.98632000000003,Los Angeles,No,June,No,337.98632000000003
2023-01-23,S007,P0028,1,13.07,Phoenix,No,January,No,13.07
2023-08-04,S003,P0009,31,685.15,Phoenix,Yes,August,No,22.101612903225806
2023-11-27,S009,P0029,46,753.22,Los Angeles,No,November,No,16.374347826086957
2023-06-18,S003,P0006,36,312.88,New York,No,June,Yes,8.69111111111111
2023-03-28,S006,P0016,14,110.76,Los Angeles,No,March,No,7.911428571428572
2023-06-09,S002,P0041,30,662.4,Houston,No,June,No,22.08
2023-06-23,S004,P0025,3,36.13,Houston,Yes,June,No,12.043333333333335
2023-08-27,S006,P0047,43,836.73,Los Angeles,Yes,August,Yes,19.458837209302327
2023-12-06,S005,P0025,27,144.08,Phoenix,No,December,No,5.336296296296297
2023-06-15,S003,P0022,15,137.96,Los Angeles,No,June,No,9.197333333333335
2023-07-28,S009,P0047,13,68.37,Phoenix,No,July,No,5.259230769230769
2023-08-20,S010,P0032,4,64.21,Phoenix,No,August,Yes,16.0525
2023-09-30,S003,P0026,26,642.3,Chicago,Yes,September,Yes,24.70384615384615
2023-10-06,S003,P0017,4,81.34,Chicago,No,October,No,20.335
2023-11-17,S010,P0016,36,319.38,Houston,No,November,No,8.871666666666666
2023-11-03,S005,P0008,25,365.15,Chicago,Yes,November,No,14.606
2023-09-20,S006,P0040,32,722.72,Chicago,Yes,September,No,22.585
2023-06-02,S003,P0019,35,674.33,Phoenix,Yes,June,No,19.266571428571428
2023-08-15,S006,P0009,11,216.8,New York,Yes,August,No,19.70909090909091
2023-09-18,S010,P0015,4,337.98632000000003,Houston,No,September,No,84.49658000000001
2023-04-16,S008,P0016,41,339.31,New York,Yes,April,Yes,8.275853658536585
2023-06-28,S001,P0025,21,190.68,Los Angeles,Yes,June,No,9.08
2023-01-10,S004,P0004,5,44.48,Chicago,Yes,January,No,8.895999999999999
2023-04-18,S009,P0033,36,440.87,Los Angeles,No,April,No,12.24638888888889
2023-04-28,S009,P0012,31,399.98,Los Angeles,Yes,April,No,12.90258064516129
2023-07-08,S008,P0037,2,22.27,Phoenix,No,July,Yes,11.135
2023-07-26,S004,P0022,35,337.98632000000003,Phoenix,No,July,No,9.656752000000001
2023-01-24,S002,P0001,0,337.98632000000003,New York,Yes,January,No,inf
2023-05-20,S003,P0003,34,633.66,Phoenix,Yes,May,Yes,18.63705882352941
2023-01-07,S009,P0012,31,467.67,New York,No,January,Yes,15.086129032258064
2023-12-21,S009,P0001,18,110.19,Los Angeles,Yes,December,No,6.121666666666666
2023-12-10,S003,P0025,29,259.59,Chicago,No,December,Yes,8.951379310344826
2023-04-12,S001,P0045,1,20.46,New York,Yes,April,No,20.46
2023-10-13,S005,P0035,6,133.88,New York,No,October,No,22.313333333333333
2023-02-15,S009,P0003,14,346.61,Chicago,No,February,No,24.757857142857144
2023-07-10,S009,P0024,17,375.34,Chicago,No,July,No,22.078823529411764
2023-08-28,S003,P0031,29,245.54,Los Angeles,No,August,No,8.466896551724137
2023-11-15,S008,P0018,38,455.18,New York,Yes,November,No,11.97842105263158
2023-12-20,S002,P0018,24,164.76,New York,No,December,No,6.864999999999999
2023-11-27,S002,P0038,3,43.14,New York,No,November,No,14.38
2023-09-18,S009,P0005,27,440.83,Houston,No,September,No,16.327037037037037
2023-10-13,S002,P0004,5,83.75,Chicago,No,October,No,16.75
2023-03-09,S008,P0004,4,337.98632000000003,Los Angeles,Yes,March,No,84.49658000000001
2023-11-10,S004,P0027,33,422.36,Chicago,No,November,No,12.798787878787879
2023-03-07,S009,P0039,29,279.77,Houston,Yes,March,No,9.647241379310344
2023-08-20,S008,P0038,36,877.34,Los Angeles,Yes,August,Yes,24.370555555555555
2023-05-04,S009,P0016,26,327.76,Houston,Yes,May,No,12.606153846153846
2023-11-24,S002,P0014,48,744.93,New York,No,November,No,15.519374999999998
2023-04-01,S009,P0048,12,193.61,Phoenix,Yes,April,Yes,16.13416666666667
2023-07-29,S010,P0027,9,174.29,Phoenix,No,July,Yes,19.365555555555556
2023-11-13,S005,P0020,3,24.24,New York,Yes,November,No,8.08
2023-11-06,S001,P0017,8,124.06,Phoenix,Yes,November,No,15.5075
2023-02-08,S006,P0038,40,268.79,Chicago,No,February,No,6.71975
2023-09-27,S006,P0008,10,228.36,New York,No,September,No,22.836000000000002
2023-02-12,S008,P0041,33,337.98632000000003,New York,No,February,Yes,10.242009696969697
2023-10-06,S001,P0017,39,567.65,Chicago,Yes,October,No,14.555128205128204
2023-06-12,S005,P0015,11,188.78,Chicago,No,June,No,17.16181818181818
2023-04-19,S003,P0028,40,337.98632000000003,Los Angeles,No,April,No,8.449658000000001
2023-09-15,S006,P0028,38,364.08,New York,No,September,No,9.581052631578947
2023-07-31,S007,P0047,31,481.28,Houston,No,July,No,15.525161290322579
2023-12-03,S002,P0035,32,498.97,Chicago,No,December,Yes,15.5928125
2023-07-01,S006,P0042,50,1033.79,New York,Yes,July,Yes,20.6758
2023-12-13,S002,P0021,10,157.69,New York,Yes,December,No,15.769
2023-01-13,S004,P0008,22,262.46,Los Angeles,Yes,January,No,11.93
2023-07-17,S009,P0029,15,366.21,Los Angeles,Yes,July,No,24.413999999999998
2023-09-06,S006,P0021,31,482.84,Chicago,Yes,September,No,15.57548387096774
2023-09-04,S006,P0009,48,364.41,New York,No,September,No,7.591875000000001
2023-07-07,S008,P0042,24,451.81,New York,Yes,July,No,18.825416666666666
2023-10-22,S006,P0008,31,711.7,New York,Yes,October,Yes,22.958064516129035
2023-12-15,S004,P0046,29,676.11,Los Angeles,No,December,No,23.314137931034484
2023-03-21,S005,P0003,19,159.87,Phoenix,No,March,No,8.41421052631579
2023-08-30,S005,P0012,6,83.57,Phoenix,No,August,No,13.928333333333333
2023-11-18,S007,P0003,41,827.04,Los Angeles,Yes,November,Yes,20.17170731707317
2023-12-19,S001,P0035,49,1010.27,Phoenix,No,December,No,20.617755102040817
2023-03-15,S003,P0032,24,337.98632000000003,Houston,Yes,March,No,14.082763333333334
2023-02-01,S003,P0039,33,724.95,Chicago,Yes,February,No,21.96818181818182
2023-08-20,S001,P0029,3,61.83,Chicago,No,August,Yes,20.61
2023-02-07,S002,P0032,5,49.22,New York,Yes,February,No,9.844
2023-08-26,S006,P0036,6,133.73,New York,Yes,August,Yes,22.28833333333333
2023-10-03,S003,P0049,23,367.84,New York,Yes,October,No,15.99304347826087
2023-01-06,S010,P0020,22,374.06,New York,No,January,No,17.002727272727274
2023-11-03,S007,P0015,2,41.02,Los Angeles,Yes,November,No,20.51
2023-10-05,S001,P0045,7,165.77,Chicago,No,October,No,23.681428571428572
2023-05-10,S005,P0020,2,36.11,Houston,Yes,May,No,18.055
2023-11-23,S002,P0014,6,125.76,Chicago,No,November,No,20.96
2023-10-17,S003,P0015,43,631.2,New York,Yes,October,No,14.679069767441861
2023-03-01,S005,P0035,3,64.38,Phoenix,Yes,March,No,21.459999999999997
2023-07-05,S008,P0037,11,157.62,New York,No,July,No,14.32909090909091
2023-10-31,S007,P0020,1,20.44,Los Angeles,No,October,No,20.44
2023-10-16,S010,P0034,3,73.75,Phoenix,No,October,No,24.583333333333332
2023-09-07,S009,P0017,18,324.39,Phoenix,Yes,September,No,18.021666666666665
2023-09-25,S006,P0034,19,123.41,New York,Yes,September,No,6.495263157894737
2023-06-02,S002,P0028,14,349.36,Chicago,Yes,June,No,24.954285714285714
2023-10-30,S007,P0030,5,71.6,New York,No,October,No,14.319999999999999
2023-09-17,S010,P0035,30,708.06,Houston,Yes,September,Yes,23.601999999999997
2023-01-30,S001,P0029,43,453.87,Chicago,Yes,January,No,10.555116279069768
2023-01-21,S008,P0039,1,14.47,New York,No,January,Yes,14.47
2023-11-27,S009,P0012,32,170.49,Chicago,Yes,November,No,5.3278125
2023-08-04,S004,P0019,18,290.64,Chicago,Yes,August,No,16.146666666666665
2023-11-15,S010,P0026,5,124.43,Houston,No,November,No,24.886000000000003
2023-08-09,S006,P0032,26,251.71,New York,Yes,August,No,9.681153846153846
2023-02-17,S001,P0043,37,728.3,Chicago,No,February,No,19.68378378378378
2023-11-05,S001,P0016,42,437.51,Los Angeles,No,November,Yes,10.416904761904762
2023-02-20,S009,P0032,16,256.15,Los Angeles,No,February,No,16.009375
2023-12-25,S002,P0007,24,402.88,Houston,No,December,No,16.786666666666665
2023-04-15,S002,P0038,9,78.99,New York,Yes,April,Yes,8.776666666666666
2023-12-13,S005,P0018,43,1040.03,Phoenix,No,December,No,24.18674418604651
2023-04-01,S004,P0038,43,276.47,Houston,Yes,April,Yes,6.4295348837209305
2023-01-20,S003,P0027,32,272.91,Chicago,Yes,January,No,8.5284375
2023-07-13,S003,P0046,24,169.23,Los Angeles,No,July,No,7.05125
2023-12-08,S003,P0049,8,95.95,Los Angeles,Yes,December,No,11.99375
2023-11-20,S002,P0030,17,309.15,New York,Yes,November,No,18.185294117647057
2023-09-09,S006,P0026,35,389.03,Chicago,Yes,September,Yes,11.115142857142857
2023-01-02,S007,P0004,4,86.5,Phoenix,No,January,No,21.625
2023-12-18,S003,P0048,46,580.44,Los Angeles,Yes,December,No,12.61826086956522
2023-08-19,S008,P0013,39,869.45,New York,Yes,August,Yes,22.293589743589745
2023-03-25,S002,P0035,9,222.64,Los Angeles,No,March,Yes,24.737777777777776
2023-05-21,S004,P0041,3,45.74,Los Angeles,Yes,May,Yes,15.246666666666668
2023-12-22,S003,P0024,9,194.78,Los Angeles,No,December,No,21.642222222222223
2023-12-12,S004,P0049,42,448.1,Chicago,No,December,No,10.66904761904762
2023-04-04,S007,P0007,41,917.38,Los Angeles,Yes,April,No,22.375121951219512
2023-04-23,S003,P0040,47,482.15,Chicago,Yes,April,Yes,10.258510638297873
2023-11-01,S001,P0020,2,42.93,Chicago,Yes,November,No,21.465
2023-09-05,S003,P0030,33,658.02,Los Angeles,Yes,September,No,19.939999999999998
2023-01-15,S008,P0039,36,859.82,Chicago,No,January,Yes,23.88388888888889
2023-12-07,S009,P0045,44,630.89,Chicago,No,December,No,14.33840909090909
2023-10-04,S001,P0033,36,218.26,Chicago,No,October,No,6.062777777777778
2023-08-21,S008,P0047,20,383.81,Chicago,Yes,August,No,19.1905
2023-01-12,S007,P0026,21,116.62,New York,No,January,No,5.553333333333334
2023-09-15,S006,P0021,37,223.96,Phoenix,Yes,September,No,6.052972972972973
2023-08-06,S003,P0025,35,727.62,Los Angeles,No,August,Yes,20.789142857142856
2023-07-10,S007,P0034,47,1111.26,Houston,Yes,July,No,23.643829787234043
2023-12-07,S005,P0009,44,607.3,Phoenix,No,December,No,13.802272727272726
2023-09-09,S010,P0002,41,1021.27,Houston,No,September,Yes,24.909024390243903
2023-02-16,S002,P0018,37,386.58,Phoenix,Yes,February,No,10.448108108108107
2023-07-09,S009,P0029,3,22.35,Los Angeles,No,July,Yes,7.45
2023-08-25,S001,P0036,30,224.65,Los Angeles,Yes,August,No,7.488333333333333
2023-11-13,S005,P0024,10,75.35,Los Angeles,Yes,November,No,7.534999999999999
2023-08-05,S009,P0001,8,143.0,New York,Yes,August,Yes,17.875
2023-03-06,S005,P0024,17,305.38,Phoenix,Yes,March,No,17.963529411764707
2023-05-21,S008,P0020,2,337.98632000000003,Los Angeles,Yes,May,Yes,168.99316000000002
2023-10-08,S007,P0019,34,664.49,Houston,Yes,October,Yes,19.543823529411764
2023-10-23,S010,P0011,0,337.98632000000003,Chicago,Yes,October,No,inf
2023-05-29,S005,P0026,25,294.75,Phoenix,Yes,May,No,11.79
2023-08-07,S010,P0024,5,88.85,New York,No,August,No,17.77
2023-11-19,S009,P0020,17,337.23,Los Angeles,Yes,November,Yes,19.837058823529414
2023-06-20,S002,P0033,21,326.26,Chicago,No,June,No,15.536190476190475
2023-02-02,S006,P0027,3,17.13,New York,No,February,No,5.71
2023-08-14,S006,P0012,40,337.98632000000003,New York,Yes,August,No,8.449658000000001
2023-04-29,S006,P0008,23,174.85,Houston,Yes,April,Yes,7.602173913043478
2023-02-17,S008,P0049,21,416.45,Phoenix,Yes,February,No,19.83095238095238
2023-06-18,S009,P0038,38,468.77,Los Angeles,Yes,June,Yes,12.336052631578946
2023-06-17,S004,P0018,31,554.02,Houston,No,June,Yes,17.871612903225806
2023-06-18,S004,P0007,8,140.12,Los Angeles,Yes,June,Yes,17.515
2023-09-25,S010,P0020,2,41.01,Chicago,No,September,No,20.505
2023-02-05,S001,P0016,1,15.32,Phoenix,Yes,February,Yes,15.32
2023-11-04,S001,P0030,8,155.94,Chicago,No,November,Yes,19.4925
2023-01-18,S002,P0026,20,142.52,Houston,Yes,January,No,7.126
2023-03-28,S010,P0005,4,80.95,Houston,Yes,March,No,20.2375
2023-03-26,S005,P0019,30,314.73,Phoenix,Yes,March,Yes,10.491000000000001
2023-12-21,S004,P0024,34,519.7,Chicago,Yes,December,No,15.28529411764706
2023-12-20,S003,P0013,50,328.13,Houston,Yes,December,No,6.5626
2023-02-28,S007,P0005,5,60.11,Chicago,Yes,February,No,12.022
2023-01-23,S007,P0032,35,356.67,Los Angeles,Yes,January,No,10.19057142857143
2023-01-07,S005,P0012,21,494.88,Houston,No,January,Yes,23.565714285714286
2023-07-03,S004,P0007,17,337.98632000000003,Los Angeles,No,July,No,19.88154823529412
2023-12-20,S001,P0038,5,78.28,Chicago,No,December,No,15.656
2023-08-04,S004,P0007,22,286.69,Chicago,No,August,No,13.031363636363636
2023-10-18,S006,P0030,1,23.28,New York,No,October,No,23.28
2023-12-09,S004,P0030,20,408.77,Chicago,Yes,December,Yes,20.438499999999998
2023-10-31,S002,P0017,33,387.82,Phoenix,Yes,October,No,11.752121212121212
2023-12-13,S007,P0046,13,115.57,Los Angeles,Yes,December,No,8.889999999999999
2023-04-13,S006,P0049,9,128.54,Phoenix,Yes,April,No,14.282222222222222
2023-08-06,S009,P0006,39,914.72,Chicago,No,August,Yes,23.454358974358975
2023-08-19,S006,P0028,2,44.3,Los Angeles,Yes,August,Yes,22.15
2023-09-08,S004,P0002,50,506.28,New York,No,September,No,10.125599999999999
2023-07-26,S005,P0048,42,216.71,Phoenix,No,July,No,5.159761904761905
2023-08-15,S003,P0042,29,350.4,Houston,Yes,August,No,12.082758620689654
2023-04-07,S007,P0027,18,146.36,Los Angeles,No,April,No,8.131111111111112
2023-01-21,S006,P0007,17,277.91,Phoenix,No,January,Yes,16.34764705882353
2023-08-07,S004,P0001,29,172.08,Chicago,Yes,August,No,5.933793103448276
2023-06-26,S010,P0002,15,85.58,Houston,No,June,No,5.705333333333333
2023-08-01,S005,P0027,1,16.23,Phoenix,No,August,No,16.23
2023-05-24,S006,P0039,26,609.19,New York,No,May,No,23.430384615384618
2023-12-02,S009,P0044,16,256.41,Los Angeles,Yes,December,Yes,16.025625
2023-09-28,S007,P0005,20,494.9,Houston,No,September,No,24.744999999999997
2023-11-22,S010,P0002,5,42.72,Chicago,Yes,November,No,8.544
2023-03-07,S005,P0003,46,968.23,Chicago,No,March,No,21.048478260869565
2023-04-18,S007,P0048,1,24.04,Los Angeles,Yes,April,No,24.04
2023-11-08,S010,P0004,46,243.6,Chicago,No,November,No,5.2956521739130435
2023-09-10,S008,P0025,32,418.15,Phoenix,Yes,September,Yes,13.0671875
2023-10-30,S008,P0023,7,90.44,Los Angeles,No,October,No,12.92
2023-07-19,S004,P0007,20,332.79,New York,No,July,No,16.6395
2023-05-11,S007,P0046,27,145.87,Houston,No,May,No,5.402592592592593
2023-04-18,S002,P0005,16,364.82,New York,No,April,No,22.80125
2023-11-20,S005,P0013,21,297.76,Los Angeles,Yes,November,No,14.17904761904762
2023-01-23,S004,P0025,35,201.38,Chicago,No,January,No,5.753714285714286
2023-06-28,S001,P0026,2,31.28,Chicago,Yes,June,No,15.64
2023-11-20,S002,P0041,19,256.42,New York,Yes,November,No,13.495789473684212
2023-01-22,S008,P0027,8,78.09,New York,Yes,January,Yes,9.76125
2023-03-13,S001,P0047,3,48.66,Los Angeles,Yes,March,No,16.22
2023-06-16,S001,P0007,47,552.05,New York,Yes,June,No,11.745744680851063
2023-09-04,S002,P0012,47,754.46,Houston,Yes,September,No,16.052340425531916
2023-09-22,S002,P0041,24,308.27,Phoenix,Yes,September,No,12.844583333333333
2023-08-27,S005,P0044,28,505.96,Houston,Yes,August,Yes,18.07
2023-11-11,S006,P0036,21,218.09,New York,Yes,November,Yes,10.385238095238096
2023-08-28,S008,P0007,25,241.25,Phoenix,Yes,August,No,9.65
2023-01-06,S006,P0030,7,142.78,New York,No,January,No,20.397142857142857
2023-07-26,S001,P0003,24,382.16,Houston,No,July,No,15.923333333333334
2023-08-13,S009,P0009,30,413.61,Chicago,Yes,August,Yes,13.787
2023-12-08,S003,P0033,4,47.56,Los Angeles,Yes,December,No,11.89
2023-08-08,S002,P0029,22,507.7,New York,Yes,August,No,23.077272727272728
2023-05-16,S009,P0008,23,449.52,Phoenix,Yes,May,No,19.544347826086955
2023-07-18,S006,P0004,4,72.51,Los Angeles,No,July,No,18.1275
2023-04-28,S005,P0028,47,769.35,Phoenix,Yes,April,No,16.369148936170212
2023-09-02,S007,P0020,23,407.07,Los Angeles,No,September,Yes,17.698695652173914
2023-05-05,S003,P0043,2,12.03,Los Angeles,No,May,No,6.015
2023-09-22,S005,P0001,9,134.41,Chicago,No,September,No,14.934444444444445
2023-05-21,S010,P0016,3,66.34,Chicago,Yes,May,Yes,22.113333333333333
2023-02-16,S004,P0019,9,101.25,Chicago,Yes,February,No,11.25
2023-05-18,S005,P0003,45,387.07,Chicago,Yes,May,No,8.601555555555555
2023-06-19,S005,P0049,11,58.54,Phoenix,Yes,June,No,5.321818181818181
2023-09-03,S010,P0049,37,782.31,Los Angeles,No,September,Yes,21.14351351351351
2023-12-24,S005,P0005,40,606.16,Phoenix,No,December,Yes,15.154
2023-10-01,S010,P0049,9,171.89,Chicago,No,October,Yes,19.098888888888887
2023-08-17,S006,P0033,47,743.73,New York,No,August,No,15.82404255319149
2023-06-19,S004,P0032,44,661.75,Houston,Yes,June,No,15.039772727272727
2023-03-28,S002,P0001,27,412.44,New York,No,March,No,15.275555555555556
2023-11-07,S010,P0018,29,300.08,Los Angeles,Yes,November,No,10.347586206896551
2023-11-02,S001,P0020,47,298.9,New York,Yes,November,No,6.359574468085106
2023-10-26,S002,P0038,13,252.16,New York,No,October,No,19.396923076923077
2023-09-18,S007,P0017,3,62.6,Los Angeles,No,September,No,20.866666666666667
2023-01-23,S001,P0003,29,290.43,Los Angeles,Yes,January,No,10.014827586206897
2023-11-04,S006,P0035,8,170.29,New York,Yes,November,Yes,21.28625
2023-05-29,S003,P0002,5,110.87,New York,No,May,No,22.174
2023-04-06,S004,P0050,17,337.98632000000003,Houston,No,April,No,19.88154823529412
2023-09-19,S001,P0011,3,18.33,New York,No,September,No,6.109999999999999
2023-08-14,S005,P0029,34,726.98,Los Angeles,Yes,August,No,21.381764705882354
2023-05-06,S002,P0036,34,503.74,New York,No,May,Yes,14.815882352941177
2023-08-21,S008,P0044,4,95.7,Chicago,No,August,No,23.925
2023-03-11,S006,P0011,39,713.22,Chicago,No,March,Yes,18.287692307692307
2023-02-19,S006,P0005,3,63.96,Los Angeles,No,February,Yes,21.32
2023-04-22,S010,P0037,31,169.84,Houston,No,April,Yes,5.478709677419355
2023-02-22,S004,P0048,18,313.32,Phoenix,Yes,February,No,17.406666666666666
2023-09-04,S005,P0018,27,459.51,Los Angeles,Yes,September,No,17.01888888888889
2023-03-15,S008,P0023,6,61.95,Chicago,No,March,No,10.325000000000001
2023-09-23,S003,P0005,2,49.81,Phoenix,Yes,September,Yes,24.905
2023-08-23,S005,P0040,44,816.34,Chicago,No,August,No,18.55318181818182
2023-12-07,S007,P0002,29,465.47,Los Angeles,Yes,December,No,16.050689655172416
2023-07-12,S010,P0045,31,299.01,Houston,No,July,No,9.645483870967741
2023-02-05,S009,P0001,3,47.11,Los Angeles,No,February,Yes,15.703333333333333
2023-02-20,S010,P0029,21,501.09,Phoenix,No,February,No,23.86142857142857
2023-08-16,S001,P0042,17,296.52,Phoenix,Yes,August,No,17.44235294117647
2023-01-16,S005,P0010,35,581.5,Phoenix,Yes,January,No,16.614285714285714
2023-05-31,S009,P0036,48,872.26,Houston,Yes,May,No,18.172083333333333
2023-11-30,S006,P0039,27,599.94,New York,Yes,November,No,22.220000000000002
2023-04-13,S009,P0035,20,167.61,Chicago,Yes,April,No,8.380500000000001
2023-12-07,S006,P0004,48,902.27,Los Angeles,Yes,December,No,18.797291666666666
2023-10-28,S002,P0009,33,490.1,Phoenix,No,October,Yes,14.851515151515152
2023-12-22,S009,P0039,33,459.77,Los Angeles,No,December,No,13.932424242424242
2023-05-13,S006,P0035,17,233.22,Los Angeles,No,May,Yes,13.718823529411765
2023-05-25,S001,P0016,29,155.67,Chicago,Yes,May,No,5.367931034482758
2023-12-04,S005,P0041,30,290.81,Los Angeles,Yes,December,No,9.693666666666667
2023-12-02,S010,P0044,2,12.25,Phoenix,Yes,December,Yes,6.125
2023-10-03,S008,P0005,5,49.78,Los Angeles,No,October,No,9.956
2023-09-12,S005,P0017,34,264.83,Los Angeles,Yes,September,No,7.7891176470588235
2023-01-08,S005,P0033,4,32.19,Phoenix,No,January,Yes,8.0475
2023-10-30,S001,P0044,32,527.16,Los Angeles,No,October,No,16.47375
2023-04-30,S002,P0038,20,400.6,Los Angeles,No,April,Yes,20.03
2023-01-05,S009,P0003,50,826.4,Los Angeles,No,January,No,16.528
2023-06-28,S005,P0021,38,502.1,Phoenix,No,June,No,13.213157894736844
2023-07-17,S006,P0023,26,533.95,New York,No,July,No,20.536538461538463
2023-05-25,S008,P0030,32,778.82,New York,No,May,No,24.338125
2023-08-26,S005,P0044,46,1131.87,Phoenix,Yes,August,Yes,24.60586956521739
2023-11-09,S001,P0031,23,407.88,Houston,No,November,No,17.73391304347826
2023-06-25,S001,P0025,9,194.4,New York,Yes,June,Yes,21.6
2023-01-13,S007,P0040,13,206.97,Houston,Yes,January,No,15.920769230769231
2023-05-07,S004,P0020,12,120.57,Houston,Yes,May,Yes,10.0475
2023-05-01,S004,P0027,0,337.98632000000003,Houston,No,May,No,inf
2023-04-10,S004,P0010,1,22.65,Chicago,No,April,No,22.65
2023-08-21,S001,P0027,18,214.32,Chicago,No,August,No,11.906666666666666
2023-06-15,S006,P0014,48,514.43,Chicago,Yes,June,No,10.717291666666666
2023-06-07,S007,P0008,25,440.29,New York,Yes,June,No,17.6116
2023-12-29,S005,P0021,6,337.98632000000003,Chicago,No,December,No,56.33105333333334
2023-01-22,S003,P0011,35,588.36,Los Angeles,No,January,Yes,16.810285714285715
2023-09-07,S009,P0017,38,504.63,New York,No,September,No,13.279736842105264
2023-12-27,S002,P0038,11,155.34,Houston,Yes,December,No,14.121818181818183
2023-10-04,S001,P0025,6,122.04,Los Angeles,Yes,October,No,20.34
2023-10-30,S008,P0038,5,80.52,New York,Yes,October,No,16.104
2023-01-15,S010,P0029,25,440.7,Chicago,Yes,January,Yes,17.628
2023-06-10,S006,P0020,3,29.33,Phoenix,Yes,June,Yes,9.776666666666666
2023-08-17,S009,P0042,9,144.87,New York,No,August,No,16.096666666666668
2023-01-23,S005,P0032,42,755.44,Chicago,No,January,No,17.986666666666668
2023-05-24,S002,P0030,34,196.85,Chicago,Yes,May,No,5.789705882352941
2023-02-06,S006,P0043,45,374.7,New York,No,February,No,8.326666666666666
2023-11-22,S006,P0020,32,590.61,New York,No,November,No,18.4565625
2023-10-27,S008,P0007,42,1011.15,Phoenix,Yes,October,No,24.075
2023-07-19,S010,P0039,6,52.08,Los Angeles,Yes,July,No,8.68
2023-05-02,S002,P0009,10,69.98,Los Angeles,No,May,No,6.998
2023-01-25,S007,P0012,27,456.07,Houston,No,January,No,16.89148148148148
2023-03-25,S004,P0036,30,314.8,Chicago,No,March,Yes,10.493333333333334
2023-01-09,S005,P0032,43,1044.98,New York,Yes,January,No,24.30186046511628
2023-08-21,S007,P0025,2,337.98632000000003,Los Angeles,No,August,No,168.99316000000002
2023-01-22,S004,P0033,5,105.92,Los Angeles,Yes,January,Yes,21.184
2023-04-29,S002,P0026,2,31.03,New York,No,April,Yes,15.515
2023-07-04,S009,P0005,12,200.08,Los Angeles,Yes,July,No,16.673333333333336
2023-05-13,S005,P0029,9,203.42,Los Angeles,No,May,Yes,22.60222222222222
